{"stats":{"minecraft:used":{"minecraft:stone_axe":7,"minecraft:crafting_table":2,"minecraft:stone_pickaxe":16,"minecraft:wooden_pickaxe":3},"minecraft:crafted":{"minecraft:stone_sword":1,"minecraft:furnace":1,"minecraft:stone_shovel":1,"minecraft:stone_axe":1,"minecraft:crafting_table":1,"minecraft:stick":12,"minecraft:stone_pickaxe":1,"minecraft:jungle_planks":28,"minecraft:wooden_pickaxe":1},"minecraft:mined":{"minecraft:short_grass":4,"minecraft:grass_block":1,"minecraft:vine":1,"minecraft:jungle_log":7,"minecraft:dirt":12,"minecraft:stone":19,"minecraft:crafting_table":2,"minecraft:fern":1},"minecraft:custom":{"minecraft:time_since_rest":3712,"minecraft:crouch_one_cm":236,"minecraft:play_time":3712,"minecraft:sprint_one_cm":6332,"minecraft:walk_one_cm":2931,"minecraft:sneak_time":380,"minecraft:mob_kills":4,"minecraft:jump":27,"minecraft:damage_dealt":360,"minecraft:leave_game":1,"minecraft:time_since_death":3712,"minecraft:total_world_time":3712,"minecraft:fly_one_cm":3553,"minecraft:interact_with_crafting_table":4,"minecraft:fall_one_cm":267},"minecraft:picked_up":{"minecraft:crafting_table":2,"minecraft:jungle_log":7,"minecraft:brown_wool":1,"minecraft:wheat_seeds":1,"minecraft:porkchop":5,"minecraft:white_wool":1,"minecraft:mutton":4,"minecraft:dirt":13,"minecraft:cobblestone":19},"minecraft:killed":{"minecraft:sheep":2,"minecraft:pig":2}},"DataVersion":3953}